17046,MPK Tramwaje,1,07:36:00,07:37:00,BISKUPIN,Spółdzielcza,51.10125726,17.10914151,51.10220568,17.10232233
17047,MPK Tramwaje,1,07:37:00,07:38:00,Spółdzielcza,Piramowicza,51.10220568,17.10232233,51.10318076,17.09632744
17048,MPK Tramwaje,1,07:38:00,07:39:00,Piramowicza,Chełmońskiego,51.10318076,17.09632744,51.10388356,17.09071195
17049,MPK Tramwaje,1,07:39:00,07:40:00,Chełmońskiego,Tramwajowa,51.10388356,17.09071195,51.10446678,17.08466997
17050,MPK Tramwaje,1,07:40:00,07:42:00,Tramwajowa,ZOO,51.10446678,17.08466997,51.10556081,17.0778982
17051,MPK Tramwaje,1,07:42:00,07:43:00,ZOO,Hala Stulecia,51.10556081,17.0778982,51.10708825,17.07346452
17052,MPK Tramwaje,1,07:43:00,07:45:00,Hala Stulecia,Kliniki - Politechnika Wrocławska,51.10708825,17.07346452,51.10971261,17.06511141
17053,MPK Tramwaje,1,07:45:00,07:47:00,Kliniki - Politechnika Wrocławska,PL. GRUNWALDZKI,51.10971261,17.06511141,51.1111569,17.06146483
17054,MPK Tramwaje,1,07:47:00,07:49:00,PL. GRUNWALDZKI,Piastowska,51.1111569,17.06146483,51.11536582,17.06087806
17055,MPK Tramwaje,1,07:49:00,07:51:00,Piastowska,Prusa,51.11536582,17.06087806,51.11947637,17.05740455
17056,MPK Tramwaje,1,07:51:00,07:52:00,Prusa,Wyszyńskiego,51.11947637,17.05740455,51.12191852,17.05294165
17057,MPK Tramwaje,1,07:52:00,07:54:00,Wyszyńskiego,Nowowiejska,51.12191852,17.05294165,51.12423914,17.0448911
17058,MPK Tramwaje,1,07:54:00,07:56:00,Nowowiejska,Słowiańska,51.12423914,17.0448911,51.12354187,17.04021724
17059,MPK Tramwaje,1,07:56:00,07:58:00,Słowiańska,DWORZEC NADODRZE,51.12354187,17.04021724,51.12431442,17.03503321
17060,MPK Tramwaje,1,07:58:00,07:59:00,DWORZEC NADODRZE,DWORZEC NADODRZE,51.12431442,17.03503321,51.12474918,17.03497559
17061,MPK Tramwaje,1,07:59:00,08:01:00,DWORZEC NADODRZE,Trzebnicka,51.12474918,17.03497559,51.12813406,17.03666443
17062,MPK Tramwaje,1,08:01:00,08:04:00,Trzebnicka,Broniewskiego,51.12813406,17.03666443,51.13539403,17.03647045
17063,MPK Tramwaje,1,08:04:00,08:06:00,Broniewskiego,Kamieńskiego,51.13539403,17.03647045,51.14097662,17.03222223
17064,MPK Tramwaje,1,08:06:00,08:07:00,Kamieńskiego,Kępińska,51.14097662,17.03222223,51.14421883,17.031233
17065,MPK Tramwaje,1,08:07:00,08:08:00,Kępińska,Wołowska,51.14421883,17.031233,51.14736913,17.03027131
17066,MPK Tramwaje,1,08:08:00,08:10:00,Wołowska,POŚWIĘTNE,51.14736913,17.03027131,51.15028815,17.02870736
17067,MPK Tramwaje,1,08:23:00,08:24:00,POŚWIĘTNE,Wołowska,51.15020822,17.02870501,51.14814795,17.02988056
17068,MPK Tramwaje,1,08:24:00,08:25:00,Wołowska,Kępińska,51.14814795,17.02988056,51.14420506,17.03107522
17069,MPK Tramwaje,1,08:25:00,08:26:00,Kępińska,Kamieńskiego,51.14420506,17.03107522,51.14074745,17.03213386
17070,MPK Tramwaje,1,08:26:00,08:28:00,Kamieńskiego,Broniewskiego,51.14074745,17.03213386,51.1353023,17.03633491
17071,MPK Tramwaje,1,08:28:00,08:31:00,Broniewskiego,Trzebnicka,51.1353023,17.03633491,51.12864987,17.03653188
17072,MPK Tramwaje,1,08:31:00,08:33:00,Trzebnicka,DWORZEC NADODRZE,51.12864987,17.03653188,51.12484091,17.03481634
17073,MPK Tramwaje,1,08:33:00,08:34:00,DWORZEC NADODRZE,DWORZEC NADODRZE,51.12484091,17.03481634,51.1242294,17.03500925
17074,MPK Tramwaje,1,08:34:00,08:36:00,DWORZEC NADODRZE,Słowiańska,51.1242294,17.03500925,51.12362685,17.04134956
17075,MPK Tramwaje,1,08:36:00,08:38:00,Słowiańska,Nowowiejska,51.12362685,17.04134956,51.12436097,17.04513281
17076,MPK Tramwaje,1,08:38:00,08:40:00,Nowowiejska,Wyszyńskiego,51.12436097,17.04513281,51.12232394,17.05187036
17077,MPK Tramwaje,1,08:40:00,08:41:00,Wyszyńskiego,Prusa,51.12232394,17.05187036,51.11984442,17.05636847
17078,MPK Tramwaje,1,08:41:00,08:43:00,Prusa,Piastowska,51.11984442,17.05636847,51.11620815,17.06090704
17079,MPK Tramwaje,1,08:43:00,08:46:00,Piastowska,PL. GRUNWALDZKI,51.11620815,17.06090704,51.11114106,17.0611933
17080,MPK Tramwaje,1,08:46:00,08:48:00,PL. GRUNWALDZKI,Kliniki - Politechnika Wrocławska,51.11114106,17.0611933,51.10920637,17.06641438
17081,MPK Tramwaje,1,08:48:00,08:50:00,Kliniki - Politechnika Wrocławska,Hala Stulecia,51.10920637,17.06641438,51.10689468,17.07372026
17082,MPK Tramwaje,1,08:50:00,08:51:00,Hala Stulecia,ZOO,51.10689468,17.07372026,51.10561429,17.07741786
17083,MPK Tramwaje,1,08:51:00,08:52:00,ZOO,Tramwajowa,51.10561429,17.07741786,51.10432787,17.08421204
17084,MPK Tramwaje,1,08:52:00,08:53:00,Tramwajowa,Chełmońskiego,51.10432787,17.08421204,51.10375672,17.09092741
17085,MPK Tramwaje,1,08:53:00,08:54:00,Chełmońskiego,Piramowicza,51.10375672,17.09092741,51.10308185,17.09640613
17086,MPK Tramwaje,1,08:54:00,08:55:00,Piramowicza,Spółdzielcza,51.10308185,17.09640613,51.10220598,17.10180839
17087,MPK Tramwaje,1,08:55:00,08:57:00,Spółdzielcza,BISKUPIN,51.10220598,17.10180839,51.10125726,17.10914151
17088,MPK Tramwaje,1,09:15:00,09:16:00,BISKUPIN,Spółdzielcza,51.10125726,17.10914151,51.10220568,17.10232233
17089,MPK Tramwaje,1,09:16:00,09:17:00,Spółdzielcza,Piramowicza,51.10220568,17.10232233,51.10318076,17.09632744
17090,MPK Tramwaje,1,09:17:00,09:18:00,Piramowicza,Chełmońskiego,51.10318076,17.09632744,51.10388356,17.09071195
17091,MPK Tramwaje,1,09:18:00,09:19:00,Chełmońskiego,Tramwajowa,51.10388356,17.09071195,51.10446678,17.08466997
17092,MPK Tramwaje,1,09:19:00,09:21:00,Tramwajowa,ZOO,51.10446678,17.08466997,51.10556081,17.0778982
17093,MPK Tramwaje,1,09:21:00,09:22:00,ZOO,Hala Stulecia,51.10556081,17.0778982,51.10708825,17.07346452
17094,MPK Tramwaje,1,09:22:00,09:24:00,Hala Stulecia,Kliniki - Politechnika Wrocławska,51.10708825,17.07346452,51.10971261,17.06511141
17095,MPK Tramwaje,1,09:24:00,09:26:00,Kliniki - Politechnika Wrocławska,PL. GRUNWALDZKI,51.10971261,17.06511141,51.1111569,17.06146483
17096,MPK Tramwaje,1,09:26:00,09:28:00,PL. GRUNWALDZKI,Piastowska,51.1111569,17.06146483,51.11536582,17.06087806
17097,MPK Tramwaje,1,09:28:00,09:30:00,Piastowska,Prusa,51.11536582,17.06087806,51.11947637,17.05740455
17098,MPK Tramwaje,1,09:30:00,09:31:00,Prusa,Wyszyńskiego,51.11947637,17.05740455,51.12191852,17.05294165
17099,MPK Tramwaje,1,09:31:00,09:33:00,Wyszyńskiego,Nowowiejska,51.12191852,17.05294165,51.12423914,17.0448911
17100,MPK Tramwaje,1,09:33:00,09:35:00,Nowowiejska,Słowiańska,51.12423914,17.0448911,51.12354187,17.04021724
17101,MPK Tramwaje,1,09:35:00,09:37:00,Słowiańska,DWORZEC NADODRZE,51.12354187,17.04021724,51.12431442,17.03503321
17102,MPK Tramwaje,1,09:37:00,09:38:00,DWORZEC NADODRZE,DWORZEC NADODRZE,51.12431442,17.03503321,51.12474918,17.03497559
17103,MPK Tramwaje,1,09:38:00,09:40:00,DWORZEC NADODRZE,Trzebnicka,51.12474918,17.03497559,51.12813406,17.03666443
17104,MPK Tramwaje,1,09:40:00,09:43:00,Trzebnicka,Broniewskiego,51.12813406,17.03666443,51.13539403,17.03647045
17105,MPK Tramwaje,1,09:43:00,09:45:00,Broniewskiego,Kamieńskiego,51.13539403,17.03647045,51.14097662,17.03222223
17106,MPK Tramwaje,1,09:45:00,09:46:00,Kamieńskiego,Kępińska,51.14097662,17.03222223,51.14421883,17.031233
17107,MPK Tramwaje,1,09:46:00,09:47:00,Kępińska,Wołowska,51.14421883,17.031233,51.14736913,17.03027131
17108,MPK Tramwaje,1,09:47:00,09:49:00,Wołowska,POŚWIĘTNE,51.14736913,17.03027131,51.15028815,17.02870736
17109,MPK Tramwaje,1,11:53:00,11:54:00,POŚWIĘTNE,Wołowska,51.15020822,17.02870501,51.14814795,17.02988056
17110,MPK Tramwaje,1,11:54:00,11:55:00,Wołowska,Kępińska,51.14814795,17.02988056,51.14420506,17.03107522
17111,MPK Tramwaje,1,11:55:00,11:56:00,Kępińska,Kamieńskiego,51.14420506,17.03107522,51.14074745,17.03213386
17112,MPK Tramwaje,1,11:56:00,11:58:00,Kamieńskiego,Broniewskiego,51.14074745,17.03213386,51.1353023,17.03633491
17113,MPK Tramwaje,1,11:58:00,12:01:00,Broniewskiego,Trzebnicka,51.1353023,17.03633491,51.12864987,17.03653188
17114,MPK Tramwaje,1,12:01:00,12:03:00,Trzebnicka,DWORZEC NADODRZE,51.12864987,17.03653188,51.12484091,17.03481634
17115,MPK Tramwaje,1,12:03:00,12:04:00,DWORZEC NADODRZE,DWORZEC NADODRZE,51.12484091,17.03481634,51.1242294,17.03500925
17116,MPK Tramwaje,1,12:04:00,12:06:00,DWORZEC NADODRZE,Słowiańska,51.1242294,17.03500925,51.12362685,17.04134956
17117,MPK Tramwaje,1,12:06:00,12:08:00,Słowiańska,Nowowiejska,51.12362685,17.04134956,51.12436097,17.04513281
17118,MPK Tramwaje,1,12:08:00,12:10:00,Nowowiejska,Wyszyńskiego,51.12436097,17.04513281,51.12232394,17.05187036
17119,MPK Tramwaje,1,12:10:00,12:11:00,Wyszyńskiego,Prusa,51.12232394,17.05187036,51.11984442,17.05636847
17120,MPK Tramwaje,1,12:11:00,12:13:00,Prusa,Piastowska,51.11984442,17.05636847,51.11620815,17.06090704
17121,MPK Tramwaje,1,12:13:00,12:16:00,Piastowska,PL. GRUNWALDZKI,51.11620815,17.06090704,51.11114106,17.0611933
17122,MPK Tramwaje,1,12:16:00,12:18:00,PL. GRUNWALDZKI,Kliniki - Politechnika Wrocławska,51.11114106,17.0611933,51.10920637,17.06641438
17123,MPK Tramwaje,1,12:18:00,12:20:00,Kliniki - Politechnika Wrocławska,Hala Stulecia,51.10920637,17.06641438,51.10689468,17.07372026
17124,MPK Tramwaje,1,12:20:00,12:21:00,Hala Stulecia,ZOO,51.10689468,17.07372026,51.10561429,17.07741786
17125,MPK Tramwaje,1,12:21:00,12:22:00,ZOO,Tramwajowa,51.10561429,17.07741786,51.10432787,17.08421204
17126,MPK Tramwaje,1,12:22:00,12:23:00,Tramwajowa,Chełmońskiego,51.10432787,17.08421204,51.10375672,17.09092741
17127,MPK Tramwaje,1,12:23:00,12:24:00,Chełmońskiego,Piramowicza,51.10375672,17.09092741,51.10308185,17.09640613
17128,MPK Tramwaje,1,12:24:00,12:25:00,Piramowicza,Spółdzielcza,51.10308185,17.09640613,51.10220598,17.10180839
17129,MPK Tramwaje,1,12:25:00,12:27:00,Spółdzielcza,BISKUPIN,51.10220598,17.10180839,51.10125726,17.10914151
17130,MPK Tramwaje,1,12:45:00,12:46:00,BISKUPIN,Spółdzielcza,51.10125726,17.10914151,51.10220568,17.10232233
17131,MPK Tramwaje,1,12:46:00,12:47:00,Spółdzielcza,Piramowicza,51.10220568,17.10232233,51.10318076,17.09632744
17132,MPK Tramwaje,1,12:47:00,12:48:00,Piramowicza,Chełmońskiego,51.10318076,17.09632744,51.10388356,17.09071195
17133,MPK Tramwaje,1,12:48:00,12:49:00,Chełmońskiego,Tramwajowa,51.10388356,17.09071195,51.10446678,17.08466997
17134,MPK Tramwaje,1,12:49:00,12:51:00,Tramwajowa,ZOO,51.10446678,17.08466997,51.10556081,17.0778982
17135,MPK Tramwaje,1,12:51:00,12:52:00,ZOO,Hala Stulecia,51.10556081,17.0778982,51.10708825,17.07346452
17136,MPK Tramwaje,1,12:52:00,12:54:00,Hala Stulecia,Kliniki - Politechnika Wrocławska,51.10708825,17.07346452,51.10971261,17.06511141
17137,MPK Tramwaje,1,12:54:00,12:56:00,Kliniki - Politechnika Wrocławska,PL. GRUNWALDZKI,51.10971261,17.06511141,51.1111569,17.06146483
17138,MPK Tramwaje,1,12:56:00,12:58:00,PL. GRUNWALDZKI,Piastowska,51.1111569,17.06146483,51.11536582,17.06087806
17139,MPK Tramwaje,1,12:58:00,13:00:00,Piastowska,Prusa,51.11536582,17.06087806,51.11947637,17.05740455
17140,MPK Tramwaje,1,13:00:00,13:01:00,Prusa,Wyszyńskiego,51.11947637,17.05740455,51.12191852,17.05294165
17141,MPK Tramwaje,1,13:01:00,13:03:00,Wyszyńskiego,Nowowiejska,51.12191852,17.05294165,51.12423914,17.0448911
17142,MPK Tramwaje,1,13:03:00,13:05:00,Nowowiejska,Słowiańska,51.12423914,17.0448911,51.12354187,17.04021724
17143,MPK Tramwaje,1,13:05:00,13:07:00,Słowiańska,DWORZEC NADODRZE,51.12354187,17.04021724,51.12431442,17.03503321
17144,MPK Tramwaje,1,13:07:00,13:08:00,DWORZEC NADODRZE,DWORZEC NADODRZE,51.12431442,17.03503321,51.12474918,17.03497559
17145,MPK Tramwaje,1,13:08:00,13:10:00,DWORZEC NADODRZE,Trzebnicka,51.12474918,17.03497559,51.12813406,17.03666443
17146,MPK Tramwaje,1,13:10:00,13:13:00,Trzebnicka,Broniewskiego,51.12813406,17.03666443,51.13539403,17.03647045
17147,MPK Tramwaje,1,13:13:00,13:15:00,Broniewskiego,Kamieńskiego,51.13539403,17.03647045,51.14097662,17.03222223
17148,MPK Tramwaje,1,13:15:00,13:16:00,Kamieńskiego,Kępińska,51.14097662,17.03222223,51.14421883,17.031233
17149,MPK Tramwaje,1,13:16:00,13:17:00,Kępińska,Wołowska,51.14421883,17.031233,51.14736913,17.03027131
17150,MPK Tramwaje,1,13:17:00,13:19:00,Wołowska,POŚWIĘTNE,51.14736913,17.03027131,51.15028815,17.02870736
17151,MPK Tramwaje,1,14:07:00,14:08:00,Zajezdnia OŁBIN,Słowiańska,51.12383941,17.04104391,51.12354187,17.04021724
17152,MPK Tramwaje,1,14:08:00,14:10:00,Słowiańska,DWORZEC NADODRZE,51.12354187,17.04021724,51.12431442,17.03503321
17153,MPK Tramwaje,1,14:10:00,14:11:00,DWORZEC NADODRZE,DWORZEC NADODRZE,51.12431442,17.03503321,51.12474918,17.03497559
17154,MPK Tramwaje,1,14:11:00,14:13:00,DWORZEC NADODRZE,Trzebnicka,51.12474918,17.03497559,51.12813406,17.03666443
17155,MPK Tramwaje,1,14:13:00,14:16:00,Trzebnicka,Broniewskiego,51.12813406,17.03666443,51.13539403,17.03647045
17156,MPK Tramwaje,1,14:16:00,14:18:00,Broniewskiego,Kamieńskiego,51.13539403,17.03647045,51.14097662,17.03222223
17157,MPK Tramwaje,1,14:18:00,14:19:00,Kamieńskiego,Kępińska,51.14097662,17.03222223,51.14421883,17.031233
17158,MPK Tramwaje,1,14:19:00,14:20:00,Kępińska,Wołowska,51.14421883,17.031233,51.14736913,17.03027131
17159,MPK Tramwaje,1,14:20:00,14:22:00,Wołowska,POŚWIĘTNE,51.14736913,17.03027131,51.15028815,17.02870736
17160,MPK Tramwaje,1,14:35:00,14:36:00,POŚWIĘTNE,Wołowska,51.15020822,17.02870501,51.14814795,17.02988056
17161,MPK Tramwaje,1,14:36:00,14:37:00,Wołowska,Kępińska,51.14814795,17.02988056,51.14420506,17.03107522
17162,MPK Tramwaje,1,14:37:00,14:38:00,Kępińska,Kamieńskiego,51.14420506,17.03107522,51.14074745,17.03213386
17163,MPK Tramwaje,1,14:38:00,14:40:00,Kamieńskiego,Broniewskiego,51.14074745,17.03213386,51.1353023,17.03633491
17164,MPK Tramwaje,1,14:40:00,14:43:00,Broniewskiego,Trzebnicka,51.1353023,17.03633491,51.12864987,17.03653188
17165,MPK Tramwaje,1,14:43:00,14:45:00,Trzebnicka,DWORZEC NADODRZE,51.12864987,17.03653188,51.12484091,17.03481634
17166,MPK Tramwaje,1,14:45:00,14:46:00,DWORZEC NADODRZE,DWORZEC NADODRZE,51.12484091,17.03481634,51.1242294,17.03500925
17167,MPK Tramwaje,1,14:46:00,14:48:00,DWORZEC NADODRZE,Słowiańska,51.1242294,17.03500925,51.12362685,17.04134956
17168,MPK Tramwaje,1,14:48:00,14:50:00,Słowiańska,Nowowiejska,51.12362685,17.04134956,51.12436097,17.04513281
17169,MPK Tramwaje,1,14:50:00,14:52:00,Nowowiejska,Wyszyńskiego,51.12436097,17.04513281,51.12232394,17.05187036
17170,MPK Tramwaje,1,14:52:00,14:53:00,Wyszyńskiego,Prusa,51.12232394,17.05187036,51.11984442,17.05636847
17171,MPK Tramwaje,1,14:53:00,14:55:00,Prusa,Piastowska,51.11984442,17.05636847,51.11620815,17.06090704
17172,MPK Tramwaje,1,14:55:00,14:58:00,Piastowska,PL. GRUNWALDZKI,51.11620815,17.06090704,51.11114106,17.0611933
17173,MPK Tramwaje,1,14:58:00,15:00:00,PL. GRUNWALDZKI,Kliniki - Politechnika Wrocławska,51.11114106,17.0611933,51.10920637,17.06641438
17174,MPK Tramwaje,1,15:00:00,15:02:00,Kliniki - Politechnika Wrocławska,Hala Stulecia,51.10920637,17.06641438,51.10689468,17.07372026
17175,MPK Tramwaje,1,15:02:00,15:03:00,Hala Stulecia,ZOO,51.10689468,17.07372026,51.10561429,17.07741786
17176,MPK Tramwaje,1,15:03:00,15:05:00,ZOO,Tramwajowa,51.10561429,17.07741786,51.10432787,17.08421204
17177,MPK Tramwaje,1,15:05:00,15:06:00,Tramwajowa,Chełmońskiego,51.10432787,17.08421204,51.10375672,17.09092741
17178,MPK Tramwaje,1,15:06:00,15:07:00,Chełmońskiego,Piramowicza,51.10375672,17.09092741,51.10308185,17.09640613
17179,MPK Tramwaje,1,15:07:00,15:08:00,Piramowicza,Spółdzielcza,51.10308185,17.09640613,51.10220598,17.10180839
17180,MPK Tramwaje,1,15:08:00,15:10:00,Spółdzielcza,BISKUPIN,51.10220598,17.10180839,51.10125726,17.10914151
17181,MPK Tramwaje,1,15:25:00,15:26:00,BISKUPIN,Spółdzielcza,51.10125726,17.10914151,51.10220568,17.10232233
17182,MPK Tramwaje,1,15:26:00,15:27:00,Spółdzielcza,Piramowicza,51.10220568,17.10232233,51.10318076,17.09632744
17183,MPK Tramwaje,1,15:27:00,15:28:00,Piramowicza,Chełmońskiego,51.10318076,17.09632744,51.10388356,17.09071195
17184,MPK Tramwaje,1,15:28:00,15:29:00,Chełmońskiego,Tramwajowa,51.10388356,17.09071195,51.10446678,17.08466997
17185,MPK Tramwaje,1,15:29:00,15:31:00,Tramwajowa,ZOO,51.10446678,17.08466997,51.10556081,17.0778982
17186,MPK Tramwaje,1,15:31:00,15:32:00,ZOO,Hala Stulecia,51.10556081,17.0778982,51.10708825,17.07346452
17187,MPK Tramwaje,1,15:32:00,15:34:00,Hala Stulecia,Kliniki - Politechnika Wrocławska,51.10708825,17.07346452,51.10971261,17.06511141
17188,MPK Tramwaje,1,15:34:00,15:36:00,Kliniki - Politechnika Wrocławska,PL. GRUNWALDZKI,51.10971261,17.06511141,51.1111569,17.06146483
17189,MPK Tramwaje,1,15:36:00,15:38:00,PL. GRUNWALDZKI,Piastowska,51.1111569,17.06146483,51.11536582,17.06087806
17190,MPK Tramwaje,1,15:38:00,15:40:00,Piastowska,Prusa,51.11536582,17.06087806,51.11947637,17.05740455
17191,MPK Tramwaje,1,15:40:00,15:41:00,Prusa,Wyszyńskiego,51.11947637,17.05740455,51.12191852,17.05294165
17192,MPK Tramwaje,1,15:41:00,15:43:00,Wyszyńskiego,Nowowiejska,51.12191852,17.05294165,51.12423914,17.0448911
17193,MPK Tramwaje,1,15:43:00,15:45:00,Nowowiejska,Słowiańska,51.12423914,17.0448911,51.12354187,17.04021724
17194,MPK Tramwaje,1,15:45:00,15:47:00,Słowiańska,DWORZEC NADODRZE,51.12354187,17.04021724,51.12431442,17.03503321
17195,MPK Tramwaje,1,15:47:00,15:48:00,DWORZEC NADODRZE,DWORZEC NADODRZE,51.12431442,17.03503321,51.12474918,17.03497559
17196,MPK Tramwaje,1,15:48:00,15:50:00,DWORZEC NADODRZE,Trzebnicka,51.12474918,17.03497559,51.12813406,17.03666443
17197,MPK Tramwaje,1,15:50:00,15:53:00,Trzebnicka,Broniewskiego,51.12813406,17.03666443,51.13539403,17.03647045
17198,MPK Tramwaje,1,15:53:00,15:55:00,Broniewskiego,Kamieńskiego,51.13539403,17.03647045,51.14097662,17.03222223
17199,MPK Tramwaje,1,15:55:00,15:56:00,Kamieńskiego,Kępińska,51.14097662,17.03222223,51.14421883,17.031233
17200,MPK Tramwaje,1,15:56:00,15:57:00,Kępińska,Wołowska,51.14421883,17.031233,51.14736913,17.03027131
17201,MPK Tramwaje,1,15:57:00,15:59:00,Wołowska,POŚWIĘTNE,51.14736913,17.03027131,51.15028815,17.02870736
17202,MPK Tramwaje,1,16:11:00,16:12:00,POŚWIĘTNE,Wołowska,51.15020822,17.02870501,51.14814795,17.02988056
17203,MPK Tramwaje,1,16:12:00,16:13:00,Wołowska,Kępińska,51.14814795,17.02988056,51.14420506,17.03107522
17204,MPK Tramwaje,1,16:13:00,16:14:00,Kępińska,Kamieńskiego,51.14420506,17.03107522,51.14074745,17.03213386
17205,MPK Tramwaje,1,16:14:00,16:16:00,Kamieńskiego,Broniewskiego,51.14074745,17.03213386,51.1353023,17.03633491
17206,MPK Tramwaje,1,16:16:00,16:19:00,Broniewskiego,Trzebnicka,51.1353023,17.03633491,51.12864987,17.03653188
17207,MPK Tramwaje,1,16:19:00,16:21:00,Trzebnicka,DWORZEC NADODRZE,51.12864987,17.03653188,51.12484091,17.03481634
17208,MPK Tramwaje,1,16:21:00,16:22:00,DWORZEC NADODRZE,DWORZEC NADODRZE,51.12484091,17.03481634,51.1242294,17.03500925
17209,MPK Tramwaje,1,16:22:00,16:24:00,DWORZEC NADODRZE,Słowiańska,51.1242294,17.03500925,51.12362685,17.04134956
17210,MPK Tramwaje,1,16:24:00,16:26:00,Słowiańska,Nowowiejska,51.12362685,17.04134956,51.12436097,17.04513281
17211,MPK Tramwaje,1,16:26:00,16:28:00,Nowowiejska,Wyszyńskiego,51.12436097,17.04513281,51.12232394,17.05187036
17212,MPK Tramwaje,1,16:28:00,16:29:00,Wyszyńskiego,Prusa,51.12232394,17.05187036,51.11984442,17.05636847
17213,MPK Tramwaje,1,16:29:00,16:31:00,Prusa,Piastowska,51.11984442,17.05636847,51.11620815,17.06090704
17214,MPK Tramwaje,1,16:31:00,16:34:00,Piastowska,PL. GRUNWALDZKI,51.11620815,17.06090704,51.11114106,17.0611933
17215,MPK Tramwaje,1,16:34:00,16:36:00,PL. GRUNWALDZKI,Kliniki - Politechnika Wrocławska,51.11114106,17.0611933,51.10920637,17.06641438
17216,MPK Tramwaje,1,16:36:00,16:38:00,Kliniki - Politechnika Wrocławska,Hala Stulecia,51.10920637,17.06641438,51.10689468,17.07372026
17217,MPK Tramwaje,1,16:38:00,16:39:00,Hala Stulecia,ZOO,51.10689468,17.07372026,51.10561429,17.07741786
17218,MPK Tramwaje,1,16:39:00,16:41:00,ZOO,Tramwajowa,51.10561429,17.07741786,51.10432787,17.08421204
17219,MPK Tramwaje,1,16:41:00,16:42:00,Tramwajowa,Chełmońskiego,51.10432787,17.08421204,51.10375672,17.09092741
17220,MPK Tramwaje,1,16:42:00,16:43:00,Chełmońskiego,Piramowicza,51.10375672,17.09092741,51.10308185,17.09640613
17221,MPK Tramwaje,1,16:43:00,16:44:00,Piramowicza,Spółdzielcza,51.10308185,17.09640613,51.10220598,17.10180839
17222,MPK Tramwaje,1,16:44:00,16:46:00,Spółdzielcza,BISKUPIN,51.10220598,17.10180839,51.10125726,17.10914151
17223,MPK Tramwaje,1,17:01:00,17:02:00,BISKUPIN,Spółdzielcza,51.10125726,17.10914151,51.10220568,17.10232233
17224,MPK Tramwaje,1,17:02:00,17:03:00,Spółdzielcza,Piramowicza,51.10220568,17.10232233,51.10318076,17.09632744
17225,MPK Tramwaje,1,17:03:00,17:04:00,Piramowicza,Chełmońskiego,51.10318076,17.09632744,51.10388356,17.09071195
17226,MPK Tramwaje,1,17:04:00,17:05:00,Chełmońskiego,Tramwajowa,51.10388356,17.09071195,51.10446678,17.08466997
17227,MPK Tramwaje,1,17:05:00,17:07:00,Tramwajowa,ZOO,51.10446678,17.08466997,51.10556081,17.0778982
17228,MPK Tramwaje,1,17:07:00,17:08:00,ZOO,Hala Stulecia,51.10556081,17.0778982,51.10708825,17.07346452
17229,MPK Tramwaje,1,17:08:00,17:10:00,Hala Stulecia,Kliniki - Politechnika Wrocławska,51.10708825,17.07346452,51.10971261,17.06511141
17230,MPK Tramwaje,1,17:10:00,17:12:00,Kliniki - Politechnika Wrocławska,PL. GRUNWALDZKI,51.10971261,17.06511141,51.1111569,17.06146483
17231,MPK Tramwaje,1,17:12:00,17:14:00,PL. GRUNWALDZKI,Piastowska,51.1111569,17.06146483,51.11536582,17.06087806
17232,MPK Tramwaje,1,17:14:00,17:16:00,Piastowska,Prusa,51.11536582,17.06087806,51.11947637,17.05740455
17233,MPK Tramwaje,1,17:16:00,17:17:00,Prusa,Wyszyńskiego,51.11947637,17.05740455,51.12191852,17.05294165
17234,MPK Tramwaje,1,17:17:00,17:19:00,Wyszyńskiego,Nowowiejska,51.12191852,17.05294165,51.12423914,17.0448911
17235,MPK Tramwaje,1,17:19:00,17:21:00,Nowowiejska,Słowiańska,51.12423914,17.0448911,51.12354187,17.04021724
17236,MPK Tramwaje,1,17:21:00,17:23:00,Słowiańska,DWORZEC NADODRZE,51.12354187,17.04021724,51.12431442,17.03503321
17237,MPK Tramwaje,1,17:23:00,17:24:00,DWORZEC NADODRZE,DWORZEC NADODRZE,51.12431442,17.03503321,51.12474918,17.03497559
17238,MPK Tramwaje,1,17:24:00,17:26:00,DWORZEC NADODRZE,Trzebnicka,51.12474918,17.03497559,51.12813406,17.03666443
17239,MPK Tramwaje,1,17:26:00,17:29:00,Trzebnicka,Broniewskiego,51.12813406,17.03666443,51.13539403,17.03647045
17240,MPK Tramwaje,1,17:29:00,17:31:00,Broniewskiego,Kamieńskiego,51.13539403,17.03647045,51.14097662,17.03222223
17241,MPK Tramwaje,1,17:31:00,17:32:00,Kamieńskiego,Kępińska,51.14097662,17.03222223,51.14421883,17.031233
17242,MPK Tramwaje,1,17:32:00,17:33:00,Kępińska,Wołowska,51.14421883,17.031233,51.14736913,17.03027131
17243,MPK Tramwaje,1,17:33:00,17:35:00,Wołowska,POŚWIĘTNE,51.14736913,17.03027131,51.15028815,17.02870736
17244,MPK Tramwaje,1,17:47:00,17:48:00,POŚWIĘTNE,Wołowska,51.15020822,17.02870501,51.14814795,17.02988056
17245,MPK Tramwaje,1,17:48:00,17:49:00,Wołowska,Kępińska,51.14814795,17.02988056,51.14420506,17.03107522
17246,MPK Tramwaje,1,17:49:00,17:50:00,Kępińska,Kamieńskiego,51.14420506,17.03107522,51.14074745,17.03213386
17247,MPK Tramwaje,1,17:50:00,17:52:00,Kamieńskiego,Broniewskiego,51.14074745,17.03213386,51.1353023,17.03633491
17248,MPK Tramwaje,1,17:52:00,17:55:00,Broniewskiego,Trzebnicka,51.1353023,17.03633491,51.12864987,17.03653188
17249,MPK Tramwaje,1,17:55:00,17:57:00,Trzebnicka,DWORZEC NADODRZE,51.12864987,17.03653188,51.12484091,17.03481634
17250,MPK Tramwaje,1,17:57:00,17:58:00,DWORZEC NADODRZE,DWORZEC NADODRZE,51.12484091,17.03481634,51.1242294,17.03500925
17251,MPK Tramwaje,1,17:58:00,18:00:00,DWORZEC NADODRZE,Słowiańska,51.1242294,17.03500925,51.12362685,17.04134956
17252,MPK Tramwaje,1,18:00:00,18:02:00,Słowiańska,Nowowiejska,51.12362685,17.04134956,51.12436097,17.04513281
17253,MPK Tramwaje,1,18:02:00,18:04:00,Nowowiejska,Wyszyńskiego,51.12436097,17.04513281,51.12232394,17.05187036
17254,MPK Tramwaje,1,18:04:00,18:05:00,Wyszyńskiego,Prusa,51.12232394,17.05187036,51.11984442,17.05636847
17255,MPK Tramwaje,1,18:05:00,18:07:00,Prusa,Piastowska,51.11984442,17.05636847,51.11620815,17.06090704
17256,MPK Tramwaje,1,18:07:00,18:10:00,Piastowska,PL. GRUNWALDZKI,51.11620815,17.06090704,51.11114106,17.0611933
17257,MPK Tramwaje,1,18:10:00,18:12:00,PL. GRUNWALDZKI,Kliniki - Politechnika Wrocławska,51.11114106,17.0611933,51.10920637,17.06641438
17258,MPK Tramwaje,1,18:12:00,18:14:00,Kliniki - Politechnika Wrocławska,Hala Stulecia,51.10920637,17.06641438,51.10689468,17.07372026
17259,MPK Tramwaje,1,18:14:00,18:15:00,Hala Stulecia,ZOO,51.10689468,17.07372026,51.10561429,17.07741786
17260,MPK Tramwaje,1,18:15:00,18:16:00,ZOO,Tramwajowa,51.10561429,17.07741786,51.10432787,17.08421204
17261,MPK Tramwaje,1,18:16:00,18:17:00,Tramwajowa,Chełmońskiego,51.10432787,17.08421204,51.10375672,17.09092741
17262,MPK Tramwaje,1,18:17:00,18:18:00,Chełmońskiego,Piramowicza,51.10375672,17.09092741,51.10308185,17.09640613
17263,MPK Tramwaje,1,18:18:00,18:19:00,Piramowicza,Spółdzielcza,51.10308185,17.09640613,51.10220598,17.10180839
17264,MPK Tramwaje,1,18:19:00,18:21:00,Spółdzielcza,BISKUPIN,51.10220598,17.10180839,51.10125726,17.10914151
17265,MPK Tramwaje,1,18:45:00,18:46:00,BISKUPIN,Spółdzielcza,51.10125726,17.10914151,51.10220568,17.10232233
17266,MPK Tramwaje,1,18:46:00,18:47:00,Spółdzielcza,Piramowicza,51.10220568,17.10232233,51.10318076,17.09632744
17267,MPK Tramwaje,1,18:47:00,18:48:00,Piramowicza,Chełmońskiego,51.10318076,17.09632744,51.10388356,17.09071195
17268,MPK Tramwaje,1,18:48:00,18:49:00,Chełmońskiego,Tramwajowa,51.10388356,17.09071195,51.10446678,17.08466997
17269,MPK Tramwaje,1,18:49:00,18:51:00,Tramwajowa,ZOO,51.10446678,17.08466997,51.10556081,17.0778982
17270,MPK Tramwaje,1,18:51:00,18:52:00,ZOO,Hala Stulecia,51.10556081,17.0778982,51.10708825,17.07346452
17271,MPK Tramwaje,1,18:52:00,18:54:00,Hala Stulecia,Kliniki - Politechnika Wrocławska,51.10708825,17.07346452,51.10971261,17.06511141
17272,MPK Tramwaje,1,18:54:00,18:56:00,Kliniki - Politechnika Wrocławska,PL. GRUNWALDZKI,51.10971261,17.06511141,51.1111569,17.06146483
17273,MPK Tramwaje,1,18:56:00,18:58:00,PL. GRUNWALDZKI,Piastowska,51.1111569,17.06146483,51.11536582,17.06087806
17274,MPK Tramwaje,1,18:58:00,19:00:00,Piastowska,Prusa,51.11536582,17.06087806,51.11947637,17.05740455
17275,MPK Tramwaje,1,19:00:00,19:01:00,Prusa,Wyszyńskiego,51.11947637,17.05740455,51.12191852,17.05294165
17276,MPK Tramwaje,1,19:01:00,19:03:00,Wyszyńskiego,Nowowiejska,51.12191852,17.05294165,51.12423914,17.0448911
17277,MPK Tramwaje,1,19:03:00,19:05:00,Nowowiejska,Słowiańska,51.12423914,17.0448911,51.12354187,17.04021724
17278,MPK Tramwaje,1,19:05:00,19:07:00,Słowiańska,DWORZEC NADODRZE,51.12354187,17.04021724,51.12431442,17.03503321
17279,MPK Tramwaje,1,19:07:00,19:08:00,DWORZEC NADODRZE,DWORZEC NADODRZE,51.12431442,17.03503321,51.12474918,17.03497559
17280,MPK Tramwaje,1,19:08:00,19:10:00,DWORZEC NADODRZE,Trzebnicka,51.12474918,17.03497559,51.12813406,17.03666443
17281,MPK Tramwaje,1,19:10:00,19:13:00,Trzebnicka,Broniewskiego,51.12813406,17.03666443,51.13539403,17.03647045
17282,MPK Tramwaje,1,19:13:00,19:15:00,Broniewskiego,Kamieńskiego,51.13539403,17.03647045,51.14097662,17.03222223
17283,MPK Tramwaje,1,19:15:00,19:16:00,Kamieńskiego,Kępińska,51.14097662,17.03222223,51.14421883,17.031233
17284,MPK Tramwaje,1,19:16:00,19:17:00,Kępińska,Wołowska,51.14421883,17.031233,51.14736913,17.03027131
17285,MPK Tramwaje,1,19:17:00,19:19:00,Wołowska,POŚWIĘTNE,51.14736913,17.03027131,51.15028815,17.02870736
17286,MPK Tramwaje,1,08:36:00,08:37:00,BISKUPIN,Spółdzielcza,51.10125726,17.10914151,51.10220568,17.10232233
17287,MPK Tramwaje,1,08:37:00,08:38:00,Spółdzielcza,Piramowicza,51.10220568,17.10232233,51.10318076,17.09632744
17288,MPK Tramwaje,1,08:38:00,08:39:00,Piramowicza,Chełmońskiego,51.10318076,17.09632744,51.10388356,17.09071195
17289,MPK Tramwaje,1,08:39:00,08:40:00,Chełmońskiego,Tramwajowa,51.10388356,17.09071195,51.10446678,17.08466997
17290,MPK Tramwaje,1,08:40:00,08:42:00,Tramwajowa,ZOO,51.10446678,17.08466997,51.10556081,17.0778982
17291,MPK Tramwaje,1,08:42:00,08:43:00,ZOO,Hala Stulecia,51.10556081,17.0778982,51.10708825,17.07346452
17292,MPK Tramwaje,1,08:43:00,08:45:00,Hala Stulecia,Kliniki - Politechnika Wrocławska,51.10708825,17.07346452,51.10971261,17.06511141
17293,MPK Tramwaje,1,08:45:00,08:47:00,Kliniki - Politechnika Wrocławska,PL. GRUNWALDZKI,51.10971261,17.06511141,51.1111569,17.06146483
17294,MPK Tramwaje,1,08:47:00,08:49:00,PL. GRUNWALDZKI,Piastowska,51.1111569,17.06146483,51.11536582,17.06087806
17295,MPK Tramwaje,1,08:49:00,08:51:00,Piastowska,Prusa,51.11536582,17.06087806,51.11947637,17.05740455
17296,MPK Tramwaje,1,08:51:00,08:52:00,Prusa,Wyszyńskiego,51.11947637,17.05740455,51.12191852,17.05294165
17297,MPK Tramwaje,1,08:52:00,08:54:00,Wyszyńskiego,Nowowiejska,51.12191852,17.05294165,51.12423914,17.0448911
17298,MPK Tramwaje,1,08:54:00,08:56:00,Nowowiejska,Słowiańska,51.12423914,17.0448911,51.12354187,17.04021724
17299,MPK Tramwaje,1,08:56:00,08:58:00,Słowiańska,DWORZEC NADODRZE,51.12354187,17.04021724,51.12431442,17.03503321
17300,MPK Tramwaje,1,08:58:00,08:59:00,DWORZEC NADODRZE,DWORZEC NADODRZE,51.12431442,17.03503321,51.12474918,17.03497559
17301,MPK Tramwaje,1,08:59:00,09:01:00,DWORZEC NADODRZE,Trzebnicka,51.12474918,17.03497559,51.12813406,17.03666443
17302,MPK Tramwaje,1,09:01:00,09:04:00,Trzebnicka,Broniewskiego,51.12813406,17.03666443,51.13539403,17.03647045
17303,MPK Tramwaje,1,09:04:00,09:06:00,Broniewskiego,Kamieńskiego,51.13539403,17.03647045,51.14097662,17.03222223
17304,MPK Tramwaje,1,09:06:00,09:07:00,Kamieńskiego,Kępińska,51.14097662,17.03222223,51.14421883,17.031233
17305,MPK Tramwaje,1,09:07:00,09:08:00,Kępińska,Wołowska,51.14421883,17.031233,51.14736913,17.03027131
17306,MPK Tramwaje,1,09:08:00,09:10:00,Wołowska,POŚWIĘTNE,51.14736913,17.03027131,51.15028815,17.02870736
17307,MPK Tramwaje,1,09:22:00,09:23:00,POŚWIĘTNE,Wołowska,51.15020822,17.02870501,51.14814795,17.02988056
17308,MPK Tramwaje,1,09:23:00,09:24:00,Wołowska,Kępińska,51.14814795,17.02988056,51.14420506,17.03107522
17309,MPK Tramwaje,1,09:24:00,09:25:00,Kępińska,Kamieńskiego,51.14420506,17.03107522,51.14074745,17.03213386
17310,MPK Tramwaje,1,09:25:00,09:27:00,Kamieńskiego,Broniewskiego,51.14074745,17.03213386,51.1353023,17.03633491
17311,MPK Tramwaje,1,09:27:00,09:30:00,Broniewskiego,Trzebnicka,51.1353023,17.03633491,51.12864987,17.03653188
17312,MPK Tramwaje,1,09:30:00,09:32:00,Trzebnicka,DWORZEC NADODRZE,51.12864987,17.03653188,51.12484091,17.03481634
17313,MPK Tramwaje,1,09:32:00,09:33:00,DWORZEC NADODRZE,DWORZEC NADODRZE,51.12484091,17.03481634,51.1242294,17.03500925
17314,MPK Tramwaje,1,09:34:00,09:36:00,DWORZEC NADODRZE,Słowiańska,51.1242294,17.03500925,51.12362685,17.04134956
17315,MPK Tramwaje,1,09:36:00,09:38:00,Słowiańska,Nowowiejska,51.12362685,17.04134956,51.12436097,17.04513281
17316,MPK Tramwaje,1,09:38:00,09:40:00,Nowowiejska,Wyszyńskiego,51.12436097,17.04513281,51.12232394,17.05187036
17317,MPK Tramwaje,1,09:40:00,09:41:00,Wyszyńskiego,Prusa,51.12232394,17.05187036,51.11984442,17.05636847
17318,MPK Tramwaje,1,09:41:00,09:43:00,Prusa,Piastowska,51.11984442,17.05636847,51.11620815,17.06090704
17319,MPK Tramwaje,1,09:43:00,09:46:00,Piastowska,PL. GRUNWALDZKI,51.11620815,17.06090704,51.11114106,17.0611933
17320,MPK Tramwaje,1,09:46:00,09:48:00,PL. GRUNWALDZKI,Kliniki - Politechnika Wrocławska,51.11114106,17.0611933,51.10920637,17.06641438
17321,MPK Tramwaje,1,09:48:00,09:50:00,Kliniki - Politechnika Wrocławska,Hala Stulecia,51.10920637,17.06641438,51.10689468,17.07372026
17322,MPK Tramwaje,1,09:50:00,09:51:00,Hala Stulecia,ZOO,51.10689468,17.07372026,51.10561429,17.07741786
17323,MPK Tramwaje,1,09:51:00,09:52:00,ZOO,Tramwajowa,51.10561429,17.07741786,51.10432787,17.08421204
17324,MPK Tramwaje,1,09:52:00,09:53:00,Tramwajowa,Chełmońskiego,51.10432787,17.08421204,51.10375672,17.09092741
17325,MPK Tramwaje,1,09:53:00,09:54:00,Chełmońskiego,Piramowicza,51.10375672,17.09092741,51.10308185,17.09640613
17326,MPK Tramwaje,1,09:54:00,09:55:00,Piramowicza,Spółdzielcza,51.10308185,17.09640613,51.10220598,17.10180839
17327,MPK Tramwaje,1,09:55:00,09:57:00,Spółdzielcza,BISKUPIN,51.10220598,17.10180839,51.10125726,17.10914151
17328,MPK Tramwaje,1,10:15:00,10:16:00,BISKUPIN,Spółdzielcza,51.10125726,17.10914151,51.10220568,17.10232233
17329,MPK Tramwaje,1,10:16:00,10:17:00,Spółdzielcza,Piramowicza,51.10220568,17.10232233,51.10318076,17.09632744
17330,MPK Tramwaje,1,10:17:00,10:18:00,Piramowicza,Chełmońskiego,51.10318076,17.09632744,51.10388356,17.09071195
17331,MPK Tramwaje,1,10:18:00,10:19:00,Chełmońskiego,Tramwajowa,51.10388356,17.09071195,51.10446678,17.08466997
17332,MPK Tramwaje,1,10:19:00,10:21:00,Tramwajowa,ZOO,51.10446678,17.08466997,51.10556081,17.0778982
17333,MPK Tramwaje,1,10:21:00,10:22:00,ZOO,Hala Stulecia,51.10556081,17.0778982,51.10708825,17.07346452
17334,MPK Tramwaje,1,10:22:00,10:24:00,Hala Stulecia,Kliniki - Politechnika Wrocławska,51.10708825,17.07346452,51.10971261,17.06511141
17335,MPK Tramwaje,1,10:24:00,10:26:00,Kliniki - Politechnika Wrocławska,PL. GRUNWALDZKI,51.10971261,17.06511141,51.1111569,17.06146483
17336,MPK Tramwaje,1,10:26:00,10:28:00,PL. GRUNWALDZKI,Piastowska,51.1111569,17.06146483,51.11536582,17.06087806
17337,MPK Tramwaje,1,10:28:00,10:30:00,Piastowska,Prusa,51.11536582,17.06087806,51.11947637,17.05740455
17338,MPK Tramwaje,1,10:30:00,10:31:00,Prusa,Wyszyńskiego,51.11947637,17.05740455,51.12191852,17.05294165
17339,MPK Tramwaje,1,10:31:00,10:33:00,Wyszyńskiego,Nowowiejska,51.12191852,17.05294165,51.12423914,17.0448911
17340,MPK Tramwaje,1,10:33:00,10:35:00,Nowowiejska,Słowiańska,51.12423914,17.0448911,51.12354187,17.04021724
17341,MPK Tramwaje,1,10:35:00,10:37:00,Słowiańska,DWORZEC NADODRZE,51.12354187,17.04021724,51.12431442,17.03503321
17342,MPK Tramwaje,1,10:37:00,10:38:00,DWORZEC NADODRZE,DWORZEC NADODRZE,51.12431442,17.03503321,51.12474918,17.03497559
17343,MPK Tramwaje,1,10:38:00,10:40:00,DWORZEC NADODRZE,Trzebnicka,51.12474918,17.03497559,51.12813406,17.03666443
17344,MPK Tramwaje,1,10:40:00,10:43:00,Trzebnicka,Broniewskiego,51.12813406,17.03666443,51.13539403,17.03647045
17345,MPK Tramwaje,1,10:43:00,10:45:00,Broniewskiego,Kamieńskiego,51.13539403,17.03647045,51.14097662,17.03222223
17346,MPK Tramwaje,1,10:45:00,10:46:00,Kamieńskiego,Kępińska,51.14097662,17.03222223,51.14421883,17.031233
17347,MPK Tramwaje,1,10:46:00,10:47:00,Kępińska,Wołowska,51.14421883,17.031233,51.14736913,17.03027131
17348,MPK Tramwaje,1,10:47:00,10:49:00,Wołowska,POŚWIĘTNE,51.14736913,17.03027131,51.15028815,17.02870736
17349,MPK Tramwaje,1,12:53:00,12:54:00,POŚWIĘTNE,Wołowska,51.15020822,17.02870501,51.14814795,17.02988056
17350,MPK Tramwaje,1,12:54:00,12:55:00,Wołowska,Kępińska,51.14814795,17.02988056,51.14420506,17.03107522
17351,MPK Tramwaje,1,12:55:00,12:56:00,Kępińska,Kamieńskiego,51.14420506,17.03107522,51.14074745,17.03213386
17352,MPK Tramwaje,1,12:56:00,12:58:00,Kamieńskiego,Broniewskiego,51.14074745,17.03213386,51.1353023,17.03633491
17353,MPK Tramwaje,1,12:58:00,13:01:00,Broniewskiego,Trzebnicka,51.1353023,17.03633491,51.12864987,17.03653188
17354,MPK Tramwaje,1,13:01:00,13:03:00,Trzebnicka,DWORZEC NADODRZE,51.12864987,17.03653188,51.12484091,17.03481634
17355,MPK Tramwaje,1,13:03:00,13:04:00,DWORZEC NADODRZE,DWORZEC NADODRZE,51.12484091,17.03481634,51.1242294,17.03500925
17356,MPK Tramwaje,1,13:04:00,13:06:00,DWORZEC NADODRZE,Słowiańska,51.1242294,17.03500925,51.12362685,17.04134956
17357,MPK Tramwaje,1,13:06:00,13:08:00,Słowiańska,Nowowiejska,51.12362685,17.04134956,51.12436097,17.04513281
17358,MPK Tramwaje,1,13:08:00,13:10:00,Nowowiejska,Wyszyńskiego,51.12436097,17.04513281,51.12232394,17.05187036
17359,MPK Tramwaje,1,13:10:00,13:11:00,Wyszyńskiego,Prusa,51.12232394,17.05187036,51.11984442,17.05636847
17360,MPK Tramwaje,1,13:11:00,13:13:00,Prusa,Piastowska,51.11984442,17.05636847,51.11620815,17.06090704
17361,MPK Tramwaje,1,13:13:00,13:16:00,Piastowska,PL. GRUNWALDZKI,51.11620815,17.06090704,51.11114106,17.0611933
17362,MPK Tramwaje,1,13:16:00,13:18:00,PL. GRUNWALDZKI,Kliniki - Politechnika Wrocławska,51.11114106,17.0611933,51.10920637,17.06641438
17363,MPK Tramwaje,1,13:18:00,13:20:00,Kliniki - Politechnika Wrocławska,Hala Stulecia,51.10920637,17.06641438,51.10689468,17.07372026
17364,MPK Tramwaje,1,13:20:00,13:21:00,Hala Stulecia,ZOO,51.10689468,17.07372026,51.10561429,17.07741786
17365,MPK Tramwaje,1,13:21:00,13:22:00,ZOO,Tramwajowa,51.10561429,17.07741786,51.10432787,17.08421204
17366,MPK Tramwaje,1,13:22:00,13:23:00,Tramwajowa,Chełmońskiego,51.10432787,17.08421204,51.10375672,17.09092741
17367,MPK Tramwaje,1,13:23:00,13:24:00,Chełmońskiego,Piramowicza,51.10375672,17.09092741,51.10308185,17.09640613
17368,MPK Tramwaje,1,13:24:00,13:25:00,Piramowicza,Spółdzielcza,51.10308185,17.09640613,51.10220598,17.10180839
17369,MPK Tramwaje,1,13:25:00,13:27:00,Spółdzielcza,BISKUPIN,51.10220598,17.10180839,51.10125726,17.10914151
17370,MPK Tramwaje,1,13:45:00,13:46:00,BISKUPIN,Spółdzielcza,51.10125726,17.10914151,51.10220568,17.10232233
17371,MPK Tramwaje,1,13:46:00,13:47:00,Spółdzielcza,Piramowicza,51.10220568,17.10232233,51.10318076,17.09632744
17372,MPK Tramwaje,1,13:47:00,13:48:00,Piramowicza,Chełmońskiego,51.10318076,17.09632744,51.10388356,17.09071195
17373,MPK Tramwaje,1,13:48:00,13:49:00,Chełmońskiego,Tramwajowa,51.10388356,17.09071195,51.10446678,17.08466997
17374,MPK Tramwaje,1,13:49:00,13:51:00,Tramwajowa,ZOO,51.10446678,17.08466997,51.10556081,17.0778982
17375,MPK Tramwaje,1,13:51:00,13:52:00,ZOO,Hala Stulecia,51.10556081,17.0778982,51.10708825,17.07346452
17376,MPK Tramwaje,1,13:52:00,13:54:00,Hala Stulecia,Kliniki - Politechnika Wrocławska,51.10708825,17.07346452,51.10971261,17.06511141
17377,MPK Tramwaje,1,13:54:00,13:56:00,Kliniki - Politechnika Wrocławska,PL. GRUNWALDZKI,51.10971261,17.06511141,51.1111569,17.06146483
17378,MPK Tramwaje,1,13:56:00,13:58:00,PL. GRUNWALDZKI,Piastowska,51.1111569,17.06146483,51.11536582,17.06087806
17379,MPK Tramwaje,1,13:58:00,14:00:00,Piastowska,Prusa,51.11536582,17.06087806,51.11947637,17.05740455
17380,MPK Tramwaje,1,14:00:00,14:01:00,Prusa,Wyszyńskiego,51.11947637,17.05740455,51.12191852,17.05294165
17381,MPK Tramwaje,1,14:01:00,14:03:00,Wyszyńskiego,Nowowiejska,51.12191852,17.05294165,51.12423914,17.0448911
17382,MPK Tramwaje,1,14:03:00,14:05:00,Nowowiejska,Słowiańska,51.12423914,17.0448911,51.12354187,17.04021724
17383,MPK Tramwaje,1,14:05:00,14:07:00,Słowiańska,DWORZEC NADODRZE,51.12354187,17.04021724,51.12431442,17.03503321
17384,MPK Tramwaje,1,14:07:00,14:08:00,DWORZEC NADODRZE,DWORZEC NADODRZE,51.12431442,17.03503321,51.12474918,17.03497559
17385,MPK Tramwaje,1,14:08:00,14:10:00,DWORZEC NADODRZE,Trzebnicka,51.12474918,17.03497559,51.12813406,17.03666443
17386,MPK Tramwaje,1,14:10:00,14:13:00,Trzebnicka,Broniewskiego,51.12813406,17.03666443,51.13539403,17.03647045
17387,MPK Tramwaje,1,14:13:00,14:15:00,Broniewskiego,Kamieńskiego,51.13539403,17.03647045,51.14097662,17.03222223
17388,MPK Tramwaje,1,14:15:00,14:16:00,Kamieńskiego,Kępińska,51.14097662,17.03222223,51.14421883,17.031233
17389,MPK Tramwaje,1,14:16:00,14:17:00,Kępińska,Wołowska,51.14421883,17.031233,51.14736913,17.03027131
17390,MPK Tramwaje,1,14:17:00,14:19:00,Wołowska,POŚWIĘTNE,51.14736913,17.03027131,51.15028815,17.02870736
17391,MPK Tramwaje,1,21:44:00,21:45:00,BISKUPIN,Spółdzielcza,51.10125726,17.10914151,51.10220568,17.10232233
17392,MPK Tramwaje,1,21:45:00,21:46:00,Spółdzielcza,Piramowicza,51.10220568,17.10232233,51.10318076,17.09632744
17393,MPK Tramwaje,1,21:46:00,21:47:00,Piramowicza,Chełmońskiego,51.10318076,17.09632744,51.10388356,17.09071195
17394,MPK Tramwaje,1,21:47:00,21:48:00,Chełmońskiego,Tramwajowa,51.10388356,17.09071195,51.10446678,17.08466997
17395,MPK Tramwaje,1,21:48:00,21:50:00,Tramwajowa,ZOO,51.10446678,17.08466997,51.10556081,17.0778982
17396,MPK Tramwaje,1,21:50:00,21:51:00,ZOO,Hala Stulecia,51.10556081,17.0778982,51.10708825,17.07346452
17397,MPK Tramwaje,1,21:51:00,21:53:00,Hala Stulecia,Kliniki - Politechnika Wrocławska,51.10708825,17.07346452,51.10971261,17.06511141
17398,MPK Tramwaje,1,21:53:00,21:55:00,Kliniki - Politechnika Wrocławska,PL. GRUNWALDZKI,51.10971261,17.06511141,51.1111569,17.06146483
17399,MPK Tramwaje,1,21:55:00,21:57:00,PL. GRUNWALDZKI,Piastowska,51.1111569,17.06146483,51.11536582,17.06087806
17400,MPK Tramwaje,1,21:57:00,21:59:00,Piastowska,Prusa,51.11536582,17.06087806,51.11947637,17.05740455
17401,MPK Tramwaje,1,21:59:00,22:00:00,Prusa,Wyszyńskiego,51.11947637,17.05740455,51.12191852,17.05294165
17402,MPK Tramwaje,1,22:00:00,22:02:00,Wyszyńskiego,Nowowiejska,51.12191852,17.05294165,51.12423914,17.0448911
17403,MPK Tramwaje,1,22:02:00,22:03:00,Nowowiejska,Słowiańska,51.12423914,17.0448911,51.12354187,17.04021724
17404,MPK Tramwaje,1,22:03:00,22:05:00,Słowiańska,DWORZEC NADODRZE,51.12354187,17.04021724,51.12431442,17.03503321
17405,MPK Tramwaje,1,22:05:00,22:06:00,DWORZEC NADODRZE,DWORZEC NADODRZE,51.12431442,17.03503321,51.12474918,17.03497559
17406,MPK Tramwaje,1,22:06:00,22:08:00,DWORZEC NADODRZE,Trzebnicka,51.12474918,17.03497559,51.12813406,17.03666443
17407,MPK Tramwaje,1,22:08:00,22:10:00,Trzebnicka,Broniewskiego,51.12813406,17.03666443,51.13539403,17.03647045
17408,MPK Tramwaje,1,22:10:00,22:12:00,Broniewskiego,Kamieńskiego,51.13539403,17.03647045,51.14097662,17.03222223
17409,MPK Tramwaje,1,22:12:00,22:13:00,Kamieńskiego,Kępińska,51.14097662,17.03222223,51.14421883,17.031233
17410,MPK Tramwaje,1,22:13:00,22:14:00,Kępińska,Wołowska,51.14421883,17.031233,51.14736913,17.03027131
17411,MPK Tramwaje,1,22:14:00,22:15:00,Wołowska,POŚWIĘTNE,51.14736913,17.03027131,51.15028815,17.02870736
17412,MPK Tramwaje,1,22:32:00,22:33:00,POŚWIĘTNE,Wołowska,51.15020822,17.02870501,51.14814795,17.02988056
17413,MPK Tramwaje,1,22:33:00,22:34:00,Wołowska,Kępińska,51.14814795,17.02988056,51.14420506,17.03107522
17414,MPK Tramwaje,1,22:34:00,22:35:00,Kępińska,Kamieńskiego,51.14420506,17.03107522,51.14074745,17.03213386
17415,MPK Tramwaje,1,22:35:00,22:37:00,Kamieńskiego,Broniewskiego,51.14074745,17.03213386,51.1353023,17.03633491
17416,MPK Tramwaje,1,22:37:00,22:40:00,Broniewskiego,Trzebnicka,51.1353023,17.03633491,51.12864987,17.03653188
17417,MPK Tramwaje,1,22:40:00,22:42:00,Trzebnicka,DWORZEC NADODRZE,51.12864987,17.03653188,51.12484091,17.03481634
17418,MPK Tramwaje,1,22:42:00,22:43:00,DWORZEC NADODRZE,DWORZEC NADODRZE,51.12484091,17.03481634,51.1242294,17.03500925
17419,MPK Tramwaje,1,22:43:00,22:45:00,DWORZEC NADODRZE,Słowiańska,51.1242294,17.03500925,51.1234541,17.04047812
17420,MPK Tramwaje,1,22:45:00,22:46:00,Słowiańska,Zajezdnia OŁBIN,51.1234541,17.04047812,51.12383941,17.04104391
17421,MPK Tramwaje,1,18:15:00,18:16:00,BISKUPIN,Spółdzielcza,51.10125726,17.10914151,51.10220568,17.10232233
17422,MPK Tramwaje,1,18:16:00,18:17:00,Spółdzielcza,Piramowicza,51.10220568,17.10232233,51.10318076,17.09632744
17423,MPK Tramwaje,1,18:17:00,18:18:00,Piramowicza,Chełmońskiego,51.10318076,17.09632744,51.10388356,17.09071195
17424,MPK Tramwaje,1,18:18:00,18:19:00,Chełmońskiego,Tramwajowa,51.10388356,17.09071195,51.10446678,17.08466997
17425,MPK Tramwaje,1,18:19:00,18:21:00,Tramwajowa,ZOO,51.10446678,17.08466997,51.10556081,17.0778982
17426,MPK Tramwaje,1,18:21:00,18:22:00,ZOO,Hala Stulecia,51.10556081,17.0778982,51.10708825,17.07346452
17427,MPK Tramwaje,1,18:22:00,18:24:00,Hala Stulecia,Kliniki - Politechnika Wrocławska,51.10708825,17.07346452,51.10971261,17.06511141
17428,MPK Tramwaje,1,18:24:00,18:26:00,Kliniki - Politechnika Wrocławska,PL. GRUNWALDZKI,51.10971261,17.06511141,51.1111569,17.06146483
17429,MPK Tramwaje,1,18:26:00,18:28:00,PL. GRUNWALDZKI,Piastowska,51.1111569,17.06146483,51.11536582,17.06087806
17430,MPK Tramwaje,1,18:28:00,18:30:00,Piastowska,Prusa,51.11536582,17.06087806,51.11947637,17.05740455
17431,MPK Tramwaje,1,18:30:00,18:31:00,Prusa,Wyszyńskiego,51.11947637,17.05740455,51.12191852,17.05294165
17432,MPK Tramwaje,1,18:31:00,18:33:00,Wyszyńskiego,Nowowiejska,51.12191852,17.05294165,51.12423914,17.0448911
17433,MPK Tramwaje,1,18:33:00,18:35:00,Nowowiejska,Słowiańska,51.12423914,17.0448911,51.12354187,17.04021724
17434,MPK Tramwaje,1,18:35:00,18:37:00,Słowiańska,DWORZEC NADODRZE,51.12354187,17.04021724,51.12431442,17.03503321
17435,MPK Tramwaje,1,18:37:00,18:38:00,DWORZEC NADODRZE,DWORZEC NADODRZE,51.12431442,17.03503321,51.12474918,17.03497559
17436,MPK Tramwaje,1,18:38:00,18:40:00,DWORZEC NADODRZE,Trzebnicka,51.12474918,17.03497559,51.12813406,17.03666443
17437,MPK Tramwaje,1,18:40:00,18:43:00,Trzebnicka,Broniewskiego,51.12813406,17.03666443,51.13539403,17.03647045
17438,MPK Tramwaje,1,18:43:00,18:45:00,Broniewskiego,Kamieńskiego,51.13539403,17.03647045,51.14097662,17.03222223
17439,MPK Tramwaje,1,18:45:00,18:46:00,Kamieńskiego,Kępińska,51.14097662,17.03222223,51.14421883,17.031233
17440,MPK Tramwaje,1,18:46:00,18:47:00,Kępińska,Wołowska,51.14421883,17.031233,51.14736913,17.03027131
17441,MPK Tramwaje,1,18:47:00,18:49:00,Wołowska,POŚWIĘTNE,51.14736913,17.03027131,51.15028815,17.02870736
17442,MPK Tramwaje,1,22:04:00,22:05:00,BISKUPIN,Spółdzielcza,51.10125726,17.10914151,51.10220568,17.10232233
17443,MPK Tramwaje,1,22:05:00,22:06:00,Spółdzielcza,Piramowicza,51.10220568,17.10232233,51.10318076,17.09632744
17444,MPK Tramwaje,1,22:06:00,22:07:00,Piramowicza,Chełmońskiego,51.10318076,17.09632744,51.10388356,17.09071195
17445,MPK Tramwaje,1,22:07:00,22:08:00,Chełmońskiego,Tramwajowa,51.10388356,17.09071195,51.10446678,17.08466997
17446,MPK Tramwaje,1,22:08:00,22:10:00,Tramwajowa,ZOO,51.10446678,17.08466997,51.10556081,17.0778982
17447,MPK Tramwaje,1,22:10:00,22:11:00,ZOO,Hala Stulecia,51.10556081,17.0778982,51.10708825,17.07346452
17448,MPK Tramwaje,1,22:11:00,22:13:00,Hala Stulecia,Kliniki - Politechnika Wrocławska,51.10708825,17.07346452,51.10971261,17.06511141
17449,MPK Tramwaje,1,22:13:00,22:15:00,Kliniki - Politechnika Wrocławska,PL. GRUNWALDZKI,51.10971261,17.06511141,51.1111569,17.06146483
17450,MPK Tramwaje,1,22:15:00,22:17:00,PL. GRUNWALDZKI,Piastowska,51.1111569,17.06146483,51.11536582,17.06087806
17451,MPK Tramwaje,1,22:17:00,22:19:00,Piastowska,Prusa,51.11536582,17.06087806,51.11947637,17.05740455
17452,MPK Tramwaje,1,22:19:00,22:20:00,Prusa,Wyszyńskiego,51.11947637,17.05740455,51.12191852,17.05294165
17453,MPK Tramwaje,1,22:20:00,22:22:00,Wyszyńskiego,Nowowiejska,51.12191852,17.05294165,51.12423914,17.0448911
17454,MPK Tramwaje,1,22:22:00,22:23:00,Nowowiejska,Słowiańska,51.12423914,17.0448911,51.12354187,17.04021724
17455,MPK Tramwaje,1,22:23:00,22:25:00,Słowiańska,DWORZEC NADODRZE,51.12354187,17.04021724,51.12431442,17.03503321
17456,MPK Tramwaje,1,22:25:00,22:26:00,DWORZEC NADODRZE,DWORZEC NADODRZE,51.12431442,17.03503321,51.12474918,17.03497559
17457,MPK Tramwaje,1,22:26:00,22:28:00,DWORZEC NADODRZE,Trzebnicka,51.12474918,17.03497559,51.12813406,17.03666443
17458,MPK Tramwaje,1,22:28:00,22:30:00,Trzebnicka,Broniewskiego,51.12813406,17.03666443,51.13539403,17.03647045
17459,MPK Tramwaje,1,22:30:00,22:32:00,Broniewskiego,Kamieńskiego,51.13539403,17.03647045,51.14097662,17.03222223
17460,MPK Tramwaje,1,22:32:00,22:33:00,Kamieńskiego,Kępińska,51.14097662,17.03222223,51.14421883,17.031233
17461,MPK Tramwaje,1,22:33:00,22:34:00,Kępińska,Wołowska,51.14421883,17.031233,51.14736913,17.03027131
17462,MPK Tramwaje,1,22:34:00,22:35:00,Wołowska,POŚWIĘTNE,51.14736913,17.03027131,51.15028815,17.02870736
17463,MPK Tramwaje,1,18:08:00,18:09:00,POŚWIĘTNE,Wołowska,51.15020822,17.02870501,51.14814795,17.02988056
17464,MPK Tramwaje,1,18:09:00,18:10:00,Wołowska,Kępińska,51.14814795,17.02988056,51.14420506,17.03107522
17465,MPK Tramwaje,1,18:10:00,18:11:00,Kępińska,Kamieńskiego,51.14420506,17.03107522,51.14074745,17.03213386
17466,MPK Tramwaje,1,18:11:00,18:13:00,Kamieńskiego,Broniewskiego,51.14074745,17.03213386,51.1353023,17.03633491
17467,MPK Tramwaje,1,18:13:00,18:16:00,Broniewskiego,Trzebnicka,51.1353023,17.03633491,51.12864987,17.03653188
17468,MPK Tramwaje,1,18:16:00,18:18:00,Trzebnicka,DWORZEC NADODRZE,51.12864987,17.03653188,51.12484091,17.03481634
17469,MPK Tramwaje,1,18:18:00,18:19:00,DWORZEC NADODRZE,DWORZEC NADODRZE,51.12484091,17.03481634,51.1242294,17.03500925
17470,MPK Tramwaje,1,18:19:00,18:21:00,DWORZEC NADODRZE,Słowiańska,51.1242294,17.03500925,51.12362685,17.04134956
17471,MPK Tramwaje,1,18:21:00,18:23:00,Słowiańska,Nowowiejska,51.12362685,17.04134956,51.12436097,17.04513281
17472,MPK Tramwaje,1,18:23:00,18:25:00,Nowowiejska,Wyszyńskiego,51.12436097,17.04513281,51.12232394,17.05187036
17473,MPK Tramwaje,1,18:25:00,18:26:00,Wyszyńskiego,Prusa,51.12232394,17.05187036,51.11984442,17.05636847
17474,MPK Tramwaje,1,18:26:00,18:28:00,Prusa,Piastowska,51.11984442,17.05636847,51.11620815,17.06090704
17475,MPK Tramwaje,1,18:28:00,18:31:00,Piastowska,PL. GRUNWALDZKI,51.11620815,17.06090704,51.11114106,17.0611933
17476,MPK Tramwaje,1,18:31:00,18:33:00,PL. GRUNWALDZKI,Kliniki - Politechnika Wrocławska,51.11114106,17.0611933,51.10920637,17.06641438
17477,MPK Tramwaje,1,18:33:00,18:35:00,Kliniki - Politechnika Wrocławska,Hala Stulecia,51.10920637,17.06641438,51.10689468,17.07372026
17478,MPK Tramwaje,1,18:35:00,18:36:00,Hala Stulecia,ZOO,51.10689468,17.07372026,51.10561429,17.07741786
17479,MPK Tramwaje,1,18:36:00,18:37:00,ZOO,Tramwajowa,51.10561429,17.07741786,51.10432787,17.08421204
17480,MPK Tramwaje,1,18:37:00,18:38:00,Tramwajowa,Chełmońskiego,51.10432787,17.08421204,51.10375672,17.09092741
17481,MPK Tramwaje,1,18:38:00,18:39:00,Chełmońskiego,Piramowicza,51.10375672,17.09092741,51.10308185,17.09640613
17482,MPK Tramwaje,1,18:39:00,18:40:00,Piramowicza,Spółdzielcza,51.10308185,17.09640613,51.10220598,17.10180839
17483,MPK Tramwaje,1,18:40:00,18:42:00,Spółdzielcza,BISKUPIN,51.10220598,17.10180839,51.10125726,17.10914151
17484,MPK Tramwaje,1,19:00:00,19:01:00,BISKUPIN,Spółdzielcza,51.10125726,17.10914151,51.10220568,17.10232233
17485,MPK Tramwaje,1,19:01:00,19:02:00,Spółdzielcza,Piramowicza,51.10220568,17.10232233,51.10318076,17.09632744
17486,MPK Tramwaje,1,19:02:00,19:03:00,Piramowicza,Chełmońskiego,51.10318076,17.09632744,51.10388356,17.09071195
17487,MPK Tramwaje,1,19:03:00,19:04:00,Chełmońskiego,Tramwajowa,51.10388356,17.09071195,51.10446678,17.08466997
17488,MPK Tramwaje,1,19:04:00,19:06:00,Tramwajowa,ZOO,51.10446678,17.08466997,51.10556081,17.0778982
17489,MPK Tramwaje,1,19:06:00,19:07:00,ZOO,Hala Stulecia,51.10556081,17.0778982,51.10708825,17.07346452
17490,MPK Tramwaje,1,19:07:00,19:09:00,Hala Stulecia,Kliniki - Politechnika Wrocławska,51.10708825,17.07346452,51.10971261,17.06511141
17491,MPK Tramwaje,1,19:09:00,19:11:00,Kliniki - Politechnika Wrocławska,PL. GRUNWALDZKI,51.10971261,17.06511141,51.1111569,17.06146483
17492,MPK Tramwaje,1,19:11:00,19:13:00,PL. GRUNWALDZKI,Piastowska,51.1111569,17.06146483,51.11536582,17.06087806
17493,MPK Tramwaje,1,19:13:00,19:15:00,Piastowska,Prusa,51.11536582,17.06087806,51.11947637,17.05740455
17494,MPK Tramwaje,1,19:15:00,19:16:00,Prusa,Wyszyńskiego,51.11947637,17.05740455,51.12191852,17.05294165
17495,MPK Tramwaje,1,19:16:00,19:18:00,Wyszyńskiego,Nowowiejska,51.12191852,17.05294165,51.12423914,17.0448911
17496,MPK Tramwaje,1,19:18:00,19:20:00,Nowowiejska,Słowiańska,51.12423914,17.0448911,51.12354187,17.04021724
17497,MPK Tramwaje,1,19:20:00,19:22:00,Słowiańska,DWORZEC NADODRZE,51.12354187,17.04021724,51.12431442,17.03503321
17498,MPK Tramwaje,1,19:22:00,19:23:00,DWORZEC NADODRZE,DWORZEC NADODRZE,51.12431442,17.03503321,51.12474918,17.03497559
17499,MPK Tramwaje,1,19:23:00,19:25:00,DWORZEC NADODRZE,Trzebnicka,51.12474918,17.03497559,51.12813406,17.03666443
17500,MPK Tramwaje,1,19:25:00,19:28:00,Trzebnicka,Broniewskiego,51.12813406,17.03666443,51.13539403,17.03647045
17501,MPK Tramwaje,1,19:28:00,19:30:00,Broniewskiego,Kamieńskiego,51.13539403,17.03647045,51.14097662,17.03222223
17502,MPK Tramwaje,1,19:30:00,19:31:00,Kamieńskiego,Kępińska,51.14097662,17.03222223,51.14421883,17.031233
17503,MPK Tramwaje,1,19:31:00,19:32:00,Kępińska,Wołowska,51.14421883,17.031233,51.14736913,17.03027131
17504,MPK Tramwaje,1,19:32:00,19:34:00,Wołowska,POŚWIĘTNE,51.14736913,17.03027131,51.15028815,17.02870736
17505,MPK Tramwaje,1,19:23:00,19:24:00,POŚWIĘTNE,Wołowska,51.15020822,17.02870501,51.14814795,17.02988056
17506,MPK Tramwaje,1,19:24:00,19:25:00,Wołowska,Kępińska,51.14814795,17.02988056,51.14420506,17.03107522
17507,MPK Tramwaje,1,19:25:00,19:26:00,Kępińska,Kamieńskiego,51.14420506,17.03107522,51.14074745,17.03213386
17508,MPK Tramwaje,1,19:26:00,19:28:00,Kamieńskiego,Broniewskiego,51.14074745,17.03213386,51.1353023,17.03633491
17509,MPK Tramwaje,1,19:28:00,19:31:00,Broniewskiego,Trzebnicka,51.1353023,17.03633491,51.12864987,17.03653188
17510,MPK Tramwaje,1,19:31:00,19:33:00,Trzebnicka,DWORZEC NADODRZE,51.12864987,17.03653188,51.12484091,17.03481634
17511,MPK Tramwaje,1,19:33:00,19:34:00,DWORZEC NADODRZE,DWORZEC NADODRZE,51.12484091,17.03481634,51.1242294,17.03500925
17512,MPK Tramwaje,1,19:34:00,19:36:00,DWORZEC NADODRZE,Słowiańska,51.1242294,17.03500925,51.12362685,17.04134956
17513,MPK Tramwaje,1,19:36:00,19:38:00,Słowiańska,Nowowiejska,51.12362685,17.04134956,51.12436097,17.04513281
17514,MPK Tramwaje,1,19:38:00,19:40:00,Nowowiejska,Wyszyńskiego,51.12436097,17.04513281,51.12232394,17.05187036
17515,MPK Tramwaje,1,19:40:00,19:41:00,Wyszyńskiego,Prusa,51.12232394,17.05187036,51.11984442,17.05636847
17516,MPK Tramwaje,1,19:41:00,19:43:00,Prusa,Piastowska,51.11984442,17.05636847,51.11620815,17.06090704
17517,MPK Tramwaje,1,19:43:00,19:46:00,Piastowska,PL. GRUNWALDZKI,51.11620815,17.06090704,51.11114106,17.0611933
17518,MPK Tramwaje,1,19:46:00,19:48:00,PL. GRUNWALDZKI,Kliniki - Politechnika Wrocławska,51.11114106,17.0611933,51.10920637,17.06641438
17519,MPK Tramwaje,1,19:48:00,19:50:00,Kliniki - Politechnika Wrocławska,Hala Stulecia,51.10920637,17.06641438,51.10689468,17.07372026
17520,MPK Tramwaje,1,19:50:00,19:51:00,Hala Stulecia,ZOO,51.10689468,17.07372026,51.10561429,17.07741786
17521,MPK Tramwaje,1,19:51:00,19:52:00,ZOO,Tramwajowa,51.10561429,17.07741786,51.10432787,17.08421204
17522,MPK Tramwaje,1,19:52:00,19:53:00,Tramwajowa,Chełmońskiego,51.10432787,17.08421204,51.10375672,17.09092741
17523,MPK Tramwaje,1,19:53:00,19:54:00,Chełmońskiego,Piramowicza,51.10375672,17.09092741,51.10308185,17.09640613
17524,MPK Tramwaje,1,19:54:00,19:55:00,Piramowicza,Spółdzielcza,51.10308185,17.09640613,51.10220598,17.10180839
17525,MPK Tramwaje,1,19:55:00,19:57:00,Spółdzielcza,BISKUPIN,51.10220598,17.10180839,51.10125726,17.10914151
17526,MPK Tramwaje,1,20:15:00,20:16:00,BISKUPIN,Spółdzielcza,51.10125726,17.10914151,51.10220568,17.10232233
17527,MPK Tramwaje,1,20:16:00,20:17:00,Spółdzielcza,Piramowicza,51.10220568,17.10232233,51.10318076,17.09632744
17528,MPK Tramwaje,1,20:17:00,20:18:00,Piramowicza,Chełmońskiego,51.10318076,17.09632744,51.10388356,17.09071195
17529,MPK Tramwaje,1,20:18:00,20:19:00,Chełmońskiego,Tramwajowa,51.10388356,17.09071195,51.10446678,17.08466997
17530,MPK Tramwaje,1,20:19:00,20:21:00,Tramwajowa,ZOO,51.10446678,17.08466997,51.10556081,17.0778982
17531,MPK Tramwaje,1,20:21:00,20:22:00,ZOO,Hala Stulecia,51.10556081,17.0778982,51.10708825,17.07346452
17532,MPK Tramwaje,1,20:22:00,20:24:00,Hala Stulecia,Kliniki - Politechnika Wrocławska,51.10708825,17.07346452,51.10971261,17.06511141
17533,MPK Tramwaje,1,20:24:00,20:26:00,Kliniki - Politechnika Wrocławska,PL. GRUNWALDZKI,51.10971261,17.06511141,51.1111569,17.06146483
17534,MPK Tramwaje,1,20:26:00,20:28:00,PL. GRUNWALDZKI,Piastowska,51.1111569,17.06146483,51.11536582,17.06087806
17535,MPK Tramwaje,1,20:28:00,20:30:00,Piastowska,Prusa,51.11536582,17.06087806,51.11947637,17.05740455
17536,MPK Tramwaje,1,20:30:00,20:31:00,Prusa,Wyszyńskiego,51.11947637,17.05740455,51.12191852,17.05294165
17537,MPK Tramwaje,1,20:31:00,20:33:00,Wyszyńskiego,Nowowiejska,51.12191852,17.05294165,51.12423914,17.0448911
17538,MPK Tramwaje,1,20:33:00,20:35:00,Nowowiejska,Słowiańska,51.12423914,17.0448911,51.12407035,17.04282289
17539,MPK Tramwaje,1,20:35:00,20:36:00,Słowiańska,Zajezdnia OŁBIN,51.12407035,17.04282289,51.12383941,17.04104391
17540,MPK Tramwaje,1,20:25:00,20:26:00,POŚWIĘTNE,Wołowska,51.15020822,17.02870501,51.14814795,17.02988056
17541,MPK Tramwaje,1,20:26:00,20:27:00,Wołowska,Kępińska,51.14814795,17.02988056,51.14420506,17.03107522
17542,MPK Tramwaje,1,20:27:00,20:28:00,Kępińska,Kamieńskiego,51.14420506,17.03107522,51.14074745,17.03213386
17543,MPK Tramwaje,1,20:28:00,20:30:00,Kamieńskiego,Broniewskiego,51.14074745,17.03213386,51.1353023,17.03633491
17544,MPK Tramwaje,1,20:30:00,20:33:00,Broniewskiego,Trzebnicka,51.1353023,17.03633491,51.12864987,17.03653188
17545,MPK Tramwaje,1,20:33:00,20:35:00,Trzebnicka,DWORZEC NADODRZE,51.12864987,17.03653188,51.12484091,17.03481634
17546,MPK Tramwaje,1,20:35:00,20:36:00,DWORZEC NADODRZE,DWORZEC NADODRZE,51.12484091,17.03481634,51.1242294,17.03500925
17547,MPK Tramwaje,1,20:36:00,20:38:00,DWORZEC NADODRZE,Słowiańska,51.1242294,17.03500925,51.12362685,17.04134956
17548,MPK Tramwaje,1,20:38:00,20:40:00,Słowiańska,Nowowiejska,51.12362685,17.04134956,51.12436097,17.04513281
17549,MPK Tramwaje,1,20:40:00,20:42:00,Nowowiejska,Wyszyńskiego,51.12436097,17.04513281,51.12232394,17.05187036
17550,MPK Tramwaje,1,20:42:00,20:43:00,Wyszyńskiego,Prusa,51.12232394,17.05187036,51.11984442,17.05636847
17551,MPK Tramwaje,1,20:43:00,20:45:00,Prusa,Piastowska,51.11984442,17.05636847,51.11620815,17.06090704
17552,MPK Tramwaje,1,20:45:00,20:48:00,Piastowska,PL. GRUNWALDZKI,51.11620815,17.06090704,51.11114106,17.0611933
17553,MPK Tramwaje,1,20:48:00,20:49:00,PL. GRUNWALDZKI,Kliniki - Politechnika Wrocławska,51.11114106,17.0611933,51.10920637,17.06641438
17554,MPK Tramwaje,1,20:49:00,20:51:00,Kliniki - Politechnika Wrocławska,Hala Stulecia,51.10920637,17.06641438,51.10689468,17.07372026
17555,MPK Tramwaje,1,20:51:00,20:52:00,Hala Stulecia,ZOO,51.10689468,17.07372026,51.10561429,17.07741786
17556,MPK Tramwaje,1,20:52:00,20:53:00,ZOO,Tramwajowa,51.10561429,17.07741786,51.10432787,17.08421204
17557,MPK Tramwaje,1,20:53:00,20:54:00,Tramwajowa,Chełmońskiego,51.10432787,17.08421204,51.10375672,17.09092741
17558,MPK Tramwaje,1,20:54:00,20:55:00,Chełmońskiego,Piramowicza,51.10375672,17.09092741,51.10308185,17.09640613
17559,MPK Tramwaje,1,20:55:00,20:56:00,Piramowicza,Spółdzielcza,51.10308185,17.09640613,51.10220598,17.10180839
17560,MPK Tramwaje,1,20:56:00,20:58:00,Spółdzielcza,BISKUPIN,51.10220598,17.10180839,51.10125726,17.10914151
17561,MPK Tramwaje,1,20:45:00,20:46:00,POŚWIĘTNE,Wołowska,51.15020822,17.02870501,51.14814795,17.02988056
17562,MPK Tramwaje,1,20:46:00,20:47:00,Wołowska,Kępińska,51.14814795,17.02988056,51.14420506,17.03107522
17563,MPK Tramwaje,1,20:47:00,20:48:00,Kępińska,Kamieńskiego,51.14420506,17.03107522,51.14074745,17.03213386
17564,MPK Tramwaje,1,20:48:00,20:50:00,Kamieńskiego,Broniewskiego,51.14074745,17.03213386,51.1353023,17.03633491
17565,MPK Tramwaje,1,20:50:00,20:53:00,Broniewskiego,Trzebnicka,51.1353023,17.03633491,51.12864987,17.03653188
17566,MPK Tramwaje,1,20:53:00,20:55:00,Trzebnicka,DWORZEC NADODRZE,51.12864987,17.03653188,51.12484091,17.03481634
17567,MPK Tramwaje,1,20:55:00,20:56:00,DWORZEC NADODRZE,DWORZEC NADODRZE,51.12484091,17.03481634,51.1242294,17.03500925
17568,MPK Tramwaje,1,20:56:00,20:58:00,DWORZEC NADODRZE,Słowiańska,51.1242294,17.03500925,51.12362685,17.04134956
17569,MPK Tramwaje,1,20:58:00,21:00:00,Słowiańska,Nowowiejska,51.12362685,17.04134956,51.12436097,17.04513281
17570,MPK Tramwaje,1,21:00:00,21:02:00,Nowowiejska,Wyszyńskiego,51.12436097,17.04513281,51.12232394,17.05187036
17571,MPK Tramwaje,1,21:02:00,21:03:00,Wyszyńskiego,Prusa,51.12232394,17.05187036,51.11984442,17.05636847
17572,MPK Tramwaje,1,21:03:00,21:05:00,Prusa,Piastowska,51.11984442,17.05636847,51.11620815,17.06090704
17573,MPK Tramwaje,1,21:05:00,21:08:00,Piastowska,PL. GRUNWALDZKI,51.11620815,17.06090704,51.11114106,17.0611933
17574,MPK Tramwaje,1,21:08:00,21:09:00,PL. GRUNWALDZKI,Kliniki - Politechnika Wrocławska,51.11114106,17.0611933,51.10920637,17.06641438
17575,MPK Tramwaje,1,21:09:00,21:11:00,Kliniki - Politechnika Wrocławska,Hala Stulecia,51.10920637,17.06641438,51.10689468,17.07372026
17576,MPK Tramwaje,1,21:11:00,21:12:00,Hala Stulecia,ZOO,51.10689468,17.07372026,51.10561429,17.07741786
17577,MPK Tramwaje,1,21:12:00,21:13:00,ZOO,Tramwajowa,51.10561429,17.07741786,51.10432787,17.08421204
17578,MPK Tramwaje,1,21:13:00,21:14:00,Tramwajowa,Chełmońskiego,51.10432787,17.08421204,51.10375672,17.09092741
17579,MPK Tramwaje,1,21:14:00,21:15:00,Chełmońskiego,Piramowicza,51.10375672,17.09092741,51.10308185,17.09640613
17580,MPK Tramwaje,1,21:15:00,21:16:00,Piramowicza,Spółdzielcza,51.10308185,17.09640613,51.10220598,17.10180839
17581,MPK Tramwaje,1,21:16:00,21:18:00,Spółdzielcza,BISKUPIN,51.10220598,17.10180839,51.10125726,17.10914151
17582,MPK Tramwaje,1,06:47:00,06:48:00,POŚWIĘTNE,Wołowska,51.15020822,17.02870501,51.14814795,17.02988056
17583,MPK Tramwaje,1,06:48:00,06:49:00,Wołowska,Kępińska,51.14814795,17.02988056,51.14420506,17.03107522
17584,MPK Tramwaje,1,06:49:00,06:50:00,Kępińska,Kamieńskiego,51.14420506,17.03107522,51.14074745,17.03213386
17585,MPK Tramwaje,1,06:50:00,06:52:00,Kamieńskiego,Broniewskiego,51.14074745,17.03213386,51.1353023,17.03633491
17586,MPK Tramwaje,1,06:52:00,06:55:00,Broniewskiego,Trzebnicka,51.1353023,17.03633491,51.12864987,17.03653188
17587,MPK Tramwaje,1,06:55:00,06:57:00,Trzebnicka,DWORZEC NADODRZE,51.12864987,17.03653188,51.12484091,17.03481634
17588,MPK Tramwaje,1,06:57:00,06:58:00,DWORZEC NADODRZE,DWORZEC NADODRZE,51.12484091,17.03481634,51.1242294,17.03500925
17589,MPK Tramwaje,1,06:58:00,07:00:00,DWORZEC NADODRZE,Słowiańska,51.1242294,17.03500925,51.12362685,17.04134956
17590,MPK Tramwaje,1,07:00:00,07:02:00,Słowiańska,Nowowiejska,51.12362685,17.04134956,51.12436097,17.04513281
17591,MPK Tramwaje,1,07:02:00,07:04:00,Nowowiejska,Wyszyńskiego,51.12436097,17.04513281,51.12232394,17.05187036
17592,MPK Tramwaje,1,07:04:00,07:05:00,Wyszyńskiego,Prusa,51.12232394,17.05187036,51.11984442,17.05636847
17593,MPK Tramwaje,1,07:05:00,07:07:00,Prusa,Piastowska,51.11984442,17.05636847,51.11620815,17.06090704
17594,MPK Tramwaje,1,07:07:00,07:10:00,Piastowska,PL. GRUNWALDZKI,51.11620815,17.06090704,51.11114106,17.0611933
17595,MPK Tramwaje,1,07:10:00,07:12:00,PL. GRUNWALDZKI,Kliniki - Politechnika Wrocławska,51.11114106,17.0611933,51.10920637,17.06641438
17596,MPK Tramwaje,1,07:12:00,07:14:00,Kliniki - Politechnika Wrocławska,Hala Stulecia,51.10920637,17.06641438,51.10689468,17.07372026
17597,MPK Tramwaje,1,07:14:00,07:15:00,Hala Stulecia,ZOO,51.10689468,17.07372026,51.10561429,17.07741786
17598,MPK Tramwaje,1,07:15:00,07:16:00,ZOO,Tramwajowa,51.10561429,17.07741786,51.10432787,17.08421204
17599,MPK Tramwaje,1,07:16:00,07:17:00,Tramwajowa,Chełmońskiego,51.10432787,17.08421204,51.10375672,17.09092741
17600,MPK Tramwaje,1,07:17:00,07:18:00,Chełmońskiego,Piramowicza,51.10375672,17.09092741,51.10308185,17.09640613
17601,MPK Tramwaje,1,07:18:00,07:19:00,Piramowicza,Spółdzielcza,51.10308185,17.09640613,51.10220598,17.10180839
17602,MPK Tramwaje,1,07:19:00,07:21:00,Spółdzielcza,BISKUPIN,51.10220598,17.10180839,51.10125726,17.10914151
17603,MPK Tramwaje,1,05:36:00,05:39:00,Zajezdnia OŁBIN,Nowowiejska,51.12383941,17.04104391,51.12436097,17.04513281
17604,MPK Tramwaje,1,05:39:00,05:41:00,Nowowiejska,Wyszyńskiego,51.12436097,17.04513281,51.12232394,17.05187036
17605,MPK Tramwaje,1,05:41:00,05:42:00,Wyszyńskiego,Prusa,51.12232394,17.05187036,51.11984442,17.05636847
17606,MPK Tramwaje,1,05:42:00,05:44:00,Prusa,Piastowska,51.11984442,17.05636847,51.11620815,17.06090704
17607,MPK Tramwaje,1,05:44:00,05:47:00,Piastowska,PL. GRUNWALDZKI,51.11620815,17.06090704,51.11114106,17.0611933
17608,MPK Tramwaje,1,05:47:00,05:49:00,PL. GRUNWALDZKI,Kliniki - Politechnika Wrocławska,51.11114106,17.0611933,51.10920637,17.06641438
17609,MPK Tramwaje,1,05:49:00,05:51:00,Kliniki - Politechnika Wrocławska,Hala Stulecia,51.10920637,17.06641438,51.10689468,17.07372026
17610,MPK Tramwaje,1,05:51:00,05:52:00,Hala Stulecia,ZOO,51.10689468,17.07372026,51.10561429,17.07741786
17611,MPK Tramwaje,1,05:52:00,05:53:00,ZOO,Tramwajowa,51.10561429,17.07741786,51.10432787,17.08421204
17612,MPK Tramwaje,1,05:53:00,05:54:00,Tramwajowa,Chełmońskiego,51.10432787,17.08421204,51.10375672,17.09092741
17613,MPK Tramwaje,1,05:54:00,05:55:00,Chełmońskiego,Piramowicza,51.10375672,17.09092741,51.10308185,17.09640613